"Id";"Référence";"Empreinte";"Quantité";"Désignation";"Fournisseur et réf";
1;"C1,C4,C3,C6,C7,C9";"C_Disc_D14.5mm_W5.0mm_P10.00mm";6;"100nF";;;
2;"C2";"C_Radial_D8.0mm_H11.5mm_P3.50mm";1;"100uF";;;
3;"C5,C8";"C_Radial_D10.0mm_H12.5mm_P5.00mm";2;"470uF";;;
4;"C15,C14,C20,C21";"C_Radial_D10.0mm_H12.5mm_P5.00mm";4;"470u";;;
5;"C19,C10,C18,C13";"C_Disc_D14.5mm_W5.0mm_P10.00mm";4;"100n";;;
6;"C12,C16,C17,C11";"C_Radial_D8.0mm_H11.5mm_P3.50mm";4;"10u";;;
7;"Q4,Q2,Q1,Q3";"TO254P1054X469X1930-3";4;"IRLZ44N";;;
8;"R3,R1";"R_Axial_DIN0414_L11.9mm_D4.5mm_P20.32mm_Horizontal";2;"1k";;;
9;"R7,R15,R2,R6,R12,R13,R16";"R_Axial_DIN0414_L11.9mm_D4.5mm_P20.32mm_Horizontal";7;"10k";;;
10;"R10,R4,R5,R11,R19,R14";"R_Axial_DIN0414_L11.9mm_D4.5mm_P20.32mm_Horizontal";6;"220";;;
11;"Q5";"TO-92_Inline";1;"BC547";;;
12;"D11,D10,D9,D5,D4,D1";"D_DO-201AD_P15.24mm_Horizontal";6;"1N5408";;;
13;"D3,D2,D8,D7,D6";"LED_D3.0mm";5;"LED";;;
14;"J1";"BarrelJack_Horizontal";1;"J_IN_12V";;;
15;"U2";"MODULE_ESP32-DEVKITC-32E";1;"ESP32-DEVKITC-32E";;;
16;"U1";"PinHeader_1x04_P2.54mm_Vertical";1;"DHT22";;;
17;"SW2";"SW_PUSH_6mm_H4.3mm";1;"OFF";;;
18;"SW1";"SW_PUSH_6mm_H4.3mm";1;"ON";;;
19;"R18,R17,R9,R8";"R_Axial_DIN0414_L11.9mm_D4.5mm_P20.32mm_Horizontal";4;"4.7k";;;
20;"M1";"PinHeader_1x03_P2.54mm_Vertical";1;"Motor_Servo";;;
21;"J14";"T-Block-2";1;"Motor2 12V";;;
22;"J13";"T-Block-2";1;"FAN_12V";;;
23;"J12";"PinHeader_1x06_P2.54mm_Vertical";1;"SD Card";;;
24;"J11";"T-Block-2";1;"HEATER_12V";;;
25;"J10";"T-Block-2";1;"Motor1 12V";;;
26;"J9";"T-Block-2";1;"J_OUT_5V";;;
27;"J8";"PinSocket_1x04_P1.27mm_Vertical";1;"Module HX711";;;
28;"J7";"PinSocket_1x03_P1.27mm_Vertical";1;"IR2";;;
29;"J6";"PinSocket_1x03_P1.27mm_Vertical";1;"IR1";;;
30;"J5";"PinHeader_1x02_P2.54mm_Vertical";1;"LM2596";;;
31;"J4";"PinSocket_1x03_P1.27mm_Vertical";1;"Soil2";;;
32;"J3";"T-Block-2";1;"J_OUT_12V";;;
33;"J2";"PinSocket_1x03_P1.27mm_Vertical";1;"Soil1";;;
34;"F1";"Fuse_SunFuse-6HP";1;"5A";;;
35;"DS1";"PinHeader_1x04_P2.54mm_Vertical";1;"LCD16X2_I2C";;;
36;"BZ1";"Buzzer_12x9.5RM7.6";1;"Buzzer";;;
